	Technique	Algorithm	Classifier	Seed	F1	F2	F3	F4	F5
0	Voting		VotingClassifier	0	0.0001758566949856	0.0	1.0	0.9769820971867008	0.9619741100323624
1	Fairlearn	false_positive_rate_parity	VotingClassifier	0	0.0302621367095645	0.0070298769771528	1.0	0.962915601023018	0.9538410525757334
2	Fairlearn	true_positive_rate_parity	VotingClassifier	0	0.0001758566949856	0.0	1.0	0.9769820971867008	0.9619741100323624
3	Fairlearn	equalized_odds	VotingClassifier	0	0.0752628347786048	0.0	1.0	0.8734015345268542	0.8584142394822006
4	scikit-lego	DemographicParityClassifier	OneVsRestClassifier	0	0.0001758566949856	0.0	1.0	0.9769820971867008	0.9619741100323624
5	scikit-lego	EqualOpportunityClassifier	OneVsRestClassifier	0	0.0001758566949856	0.0	1.0	0.9769820971867008	0.9619741100323624
6	Proposal	nsga2	FairVotingClassifier	0	0.0001758566949856	0.0	0.997557003257329	0.9769820971867008	0.9619741100323624
7	ProposalWeighted	F1_nsga2	FairVotingClassifier	0	0.0001758566949856	0.0	0.997557003257329	0.9769820971867008	0.9619741100323624
8	ProposalWeighted	F2_nsga2	FairVotingClassifier	0	0.0001758566949856	0.0	0.997557003257329	0.9769820971867008	0.9619741100323624
9	ProposalWeighted	F3_nsga2	FairVotingClassifier	0	0.0001758566949856	0.0	0.997557003257329	0.9769820971867008	0.9619741100323624
10	ProposalWeighted	F4_nsga2	FairVotingClassifier	0	0.0001758566949856	0.0	0.997557003257329	0.9769820971867008	0.9619741100323624
11	ProposalWeighted	F5_nsga2	FairVotingClassifier	0	0.0001758566949856	0.0	0.997557003257329	0.9769820971867008	0.9619741100323624
12	Proposal	rnsga2	FairVotingClassifier	0	0.0001758566949856	0.0	1.0	0.9769820971867008	0.9619741100323624
13	ProposalWeighted	F1_rnsga2	FairVotingClassifier	0	0.0001758566949856	0.0	1.0	0.9769820971867008	0.9619741100323624
14	ProposalWeighted	F2_rnsga2	FairVotingClassifier	0	0.0001758566949856	0.0	1.0	0.9769820971867008	0.9619741100323624
15	ProposalWeighted	F3_rnsga2	FairVotingClassifier	0	0.0001758566949856	0.0	1.0	0.9769820971867008	0.9619741100323624
16	ProposalWeighted	F4_rnsga2	FairVotingClassifier	0	0.0001758566949856	0.0	1.0	0.9769820971867008	0.9619741100323624
17	ProposalWeighted	F5_rnsga2	FairVotingClassifier	0	0.0001758566949856	0.0	1.0	0.9769820971867008	0.9619741100323624
18	AIF360	AdversarialDebiasing	AdversarialDebiasing	0	0.0001758566949856	0.0	1.0	0.9769820971867008	0.9619741100323624
19	AIF360	PostProcessingMeta	PostProcessingMeta	0	0.0001758566949856	0.0	0.998371335504886	0.9769820971867008	0.9619741100323624
20	Voting		VotingClassifier	1	0.0071798871404321	0.0	1.0	0.9788918205804747	0.969047619047619
21	Fairlearn	false_positive_rate_parity	VotingClassifier	1	0.0469076254906873	0.0017211703958691	1.0	0.9485488126649076	0.9594478951000692
22	Fairlearn	true_positive_rate_parity	VotingClassifier	1	0.0071798871404321	0.0	1.0	0.9788918205804747	0.969047619047619
23	Fairlearn	equalized_odds	VotingClassifier	1	0.0688526574922313	0.0	1.0	0.8852242744063324	0.9023809523809524
24	scikit-lego	DemographicParityClassifier	OneVsRestClassifier	1	0.0071798871404321	0.0	1.0	0.9788918205804747	0.969047619047619
25	scikit-lego	EqualOpportunityClassifier	OneVsRestClassifier	1	0.0071798871404321	0.0	1.0	0.9788918205804747	0.969047619047619
26	Proposal	nsga2	FairVotingClassifier	1	0.006980812835948	0.0027472527472527	1.0	0.9770261489386838	0.969047619047619
27	ProposalWeighted	F1_nsga2	FairVotingClassifier	1	0.006980812835948	0.0027472527472527	1.0	0.9770261489386838	0.969047619047619
28	ProposalWeighted	F2_nsga2	FairVotingClassifier	1	0.006980812835948	0.0027472527472527	1.0	0.9770261489386838	0.969047619047619
29	ProposalWeighted	F3_nsga2	FairVotingClassifier	1	0.006980812835948	0.0027472527472527	1.0	0.9770261489386838	0.969047619047619
30	ProposalWeighted	F4_nsga2	FairVotingClassifier	1	0.006980812835948	0.0027472527472527	1.0	0.9770261489386838	0.969047619047619
31	ProposalWeighted	F5_nsga2	FairVotingClassifier	1	0.006980812835948	0.0027472527472527	1.0	0.9770261489386838	0.969047619047619
32	Proposal	rnsga2	FairVotingClassifier	1	0.006980812835948	0.0027472527472527	1.0	0.9770261489386838	0.969047619047619
33	ProposalWeighted	F1_rnsga2	FairVotingClassifier	1	0.006980812835948	0.0027472527472527	1.0	0.9770261489386838	0.969047619047619
34	ProposalWeighted	F2_rnsga2	FairVotingClassifier	1	0.006980812835948	0.0027472527472527	1.0	0.9770261489386838	0.969047619047619
35	ProposalWeighted	F3_rnsga2	FairVotingClassifier	1	0.006980812835948	0.0027472527472527	1.0	0.9770261489386838	0.969047619047619
36	ProposalWeighted	F4_rnsga2	FairVotingClassifier	1	0.006980812835948	0.0027472527472527	1.0	0.9770261489386838	0.969047619047619
37	ProposalWeighted	F5_rnsga2	FairVotingClassifier	1	0.006980812835948	0.0027472527472527	1.0	0.9770261489386838	0.969047619047619
38	AIF360	AdversarialDebiasing	AdversarialDebiasing	1	0.0071798871404321	0.0	1.0	0.9788918205804747	0.969047619047619
39	AIF360	PostProcessingMeta	PostProcessingMeta	1	0.0061702450585501	0.0135869565217391	0.9933609958506224	0.9695634623715196	0.969047619047619
40	Voting		VotingClassifier	2	0.011268817204301	0.0	1.0	0.9724409448818896	0.9681528662420382
41	Fairlearn	false_positive_rate_parity	VotingClassifier	2	0.0315122980761425	0.0034602076124568	1.0	0.9566929133858268	0.956889324405248
42	Fairlearn	true_positive_rate_parity	VotingClassifier	2	0.011268817204301	0.0	1.0	0.9724409448818896	0.9681528662420382
43	Fairlearn	equalized_odds	VotingClassifier	2	0.0676522996234534	0.0	1.0	0.89501312335958	0.9052547770700636
44	scikit-lego	DemographicParityClassifier	OneVsRestClassifier	2	0.011268817204301	0.0	1.0	0.9724409448818896	0.9681528662420382
45	scikit-lego	EqualOpportunityClassifier	OneVsRestClassifier	2	0.011268817204301	0.0	1.0	0.9724409448818896	0.9681528662420382
46	Proposal	nsga2	FairVotingClassifier	2	0.0115395683453237	0.002770083102493	0.998351195383347	0.9705029603857656	0.9681528662420382
47	ProposalWeighted	F1_nsga2	FairVotingClassifier	2	0.0115395683453237	0.002770083102493	0.998351195383347	0.9705029603857656	0.9681528662420382
48	ProposalWeighted	F2_nsga2	FairVotingClassifier	2	0.0115395683453237	0.002770083102493	0.998351195383347	0.9705029603857656	0.9681528662420382
49	ProposalWeighted	F3_nsga2	FairVotingClassifier	2	0.0115395683453237	0.002770083102493	0.998351195383347	0.9705029603857656	0.9681528662420382
50	ProposalWeighted	F4_nsga2	FairVotingClassifier	2	0.0115395683453237	0.002770083102493	0.998351195383347	0.9705029603857656	0.9681528662420382
51	ProposalWeighted	F5_nsga2	FairVotingClassifier	2	0.0115395683453237	0.002770083102493	0.998351195383347	0.9705029603857656	0.9681528662420382
52	Proposal	rnsga2	FairVotingClassifier	2	0.0115395683453237	0.002770083102493	0.998351195383347	0.9705029603857656	0.9681528662420382
53	ProposalWeighted	F1_rnsga2	FairVotingClassifier	2	0.0115395683453237	0.002770083102493	0.998351195383347	0.9705029603857656	0.9681528662420382
54	ProposalWeighted	F2_rnsga2	FairVotingClassifier	2	0.0115395683453237	0.002770083102493	0.998351195383347	0.9705029603857656	0.9681528662420382
55	ProposalWeighted	F3_rnsga2	FairVotingClassifier	2	0.0115395683453237	0.002770083102493	0.998351195383347	0.9705029603857656	0.9681528662420382
56	ProposalWeighted	F4_rnsga2	FairVotingClassifier	2	0.0115395683453237	0.002770083102493	0.998351195383347	0.9705029603857656	0.9681528662420382
57	ProposalWeighted	F5_rnsga2	FairVotingClassifier	2	0.0115395683453237	0.002770083102493	0.998351195383347	0.9705029603857656	0.9681528662420382
58	AIF360	AdversarialDebiasing	AdversarialDebiasing	2	0.011268817204301	0.0	1.0	0.9724409448818896	0.9681528662420382
59	AIF360	PostProcessingMeta	PostProcessingMeta	2	0.0120597410292605	0.0117449664429529	0.9934047815333884	0.9724409448818896	0.9629661386030812
60	Voting		VotingClassifier	3	0.0035277053202093	0.0	1.0	0.9793814432989691	0.9669887278582932
61	Fairlearn	false_positive_rate_parity	VotingClassifier	3	0.0283373378730769	0.0	1.0	0.9652061855670104	0.963768115942029
62	Fairlearn	true_positive_rate_parity	VotingClassifier	3	0.0035277053202093	0.0	1.0	0.9793814432989691	0.9669887278582932
63	Fairlearn	equalized_odds	VotingClassifier	3	0.0283373378730769	0.0	1.0	0.9652061855670104	0.963768115942029
64	scikit-lego	DemographicParityClassifier	OneVsRestClassifier	3	0.0035277053202093	0.0	1.0	0.9793814432989691	0.9669887278582932
65	scikit-lego	EqualOpportunityClassifier	OneVsRestClassifier	3	0.0035277053202093	0.0	1.0	0.9793814432989691	0.9669887278582932
66	Proposal	nsga2	FairVotingClassifier	3	0.0020565798598656	0.0	0.9983566146261298	0.9793814432989691	0.9677938808373592
67	ProposalWeighted	F1_nsga2	FairVotingClassifier	3	0.0020565798598656	0.0	0.9983566146261298	0.9793814432989691	0.9677938808373592
68	ProposalWeighted	F2_nsga2	FairVotingClassifier	3	0.0020565798598656	0.0	0.9983566146261298	0.9793814432989691	0.9677938808373592
69	ProposalWeighted	F3_nsga2	FairVotingClassifier	3	0.0023546513374059	0.0051369863013698	0.9967132292522596	0.9793814432989691	0.9652771023138692
70	ProposalWeighted	F4_nsga2	FairVotingClassifier	3	0.0035277053202093	0.0	1.0	0.9793814432989691	0.9669887278582932
71	ProposalWeighted	F5_nsga2	FairVotingClassifier	3	0.0035277053202093	0.0	1.0	0.9793814432989691	0.9669887278582932
72	Proposal	rnsga2	FairVotingClassifier	3	0.0022549807487015	0.0034305317324184	0.9983566146261298	0.9793814432989691	0.9661160284883658
73	ProposalWeighted	F1_rnsga2	FairVotingClassifier	3	0.0022549807487015	0.0034305317324184	0.9983566146261298	0.9793814432989691	0.9661160284883658
74	ProposalWeighted	F2_rnsga2	FairVotingClassifier	3	0.0022549807487015	0.0034305317324184	0.9975349219391948	0.9793814432989691	0.9661160284883658
75	ProposalWeighted	F3_rnsga2	FairVotingClassifier	3	0.0022549807487015	0.0034305317324184	0.9983566146261298	0.9793814432989691	0.9661160284883658
76	ProposalWeighted	F4_rnsga2	FairVotingClassifier	3	0.0022549807487015	0.0034305317324184	0.9983566146261298	0.9793814432989691	0.9661160284883658
77	ProposalWeighted	F5_rnsga2	FairVotingClassifier	3	0.0020565798598656	0.0	0.9991783073130648	0.9793814432989691	0.9677938808373592
78	AIF360	AdversarialDebiasing	AdversarialDebiasing	3	0.0035277053202093	0.0	1.0	0.9793814432989691	0.9669887278582932
79	AIF360	PostProcessingMeta	PostProcessingMeta	3	0.0055406778095853	0.0184210526315788	0.9761709120788824	0.9665000626069536	0.9669887278582932
80	Voting		VotingClassifier	4	0.0074846625766871	0.0	1.0	0.9803149606299212	0.964968152866242
81	Fairlearn	false_positive_rate_parity	VotingClassifier	4	0.0087488072519083	0.0017211703958691	1.0	0.9724409448818896	0.9609610710693932
82	Fairlearn	true_positive_rate_parity	VotingClassifier	4	0.0074846625766871	0.0	1.0	0.9803149606299212	0.964968152866242
83	Fairlearn	equalized_odds	VotingClassifier	4	0.0776983904610691	0.0	1.0	0.8727034120734908	0.8678343949044586
84	scikit-lego	DemographicParityClassifier	OneVsRestClassifier	4	0.0074846625766871	0.0	1.0	0.9803149606299212	0.964968152866242
85	scikit-lego	EqualOpportunityClassifier	OneVsRestClassifier	4	0.0074846625766871	0.0	1.0	0.9803149606299212	0.964968152866242
86	Proposal	nsga2	FairVotingClassifier	4	0.0075883256528417	0.0017094017094017	0.9959546925566344	0.9803149606299212	0.9641457844451894
87	ProposalWeighted	F1_nsga2	FairVotingClassifier	4	0.0075883256528417	0.0017094017094017	0.9959546925566344	0.9803149606299212	0.9641457844451894
88	ProposalWeighted	F2_nsga2	FairVotingClassifier	4	0.0075883256528417	0.0017094017094017	0.9959546925566344	0.9803149606299212	0.9641457844451894
89	ProposalWeighted	F3_nsga2	FairVotingClassifier	4	0.0075883256528417	0.0017094017094017	0.9959546925566344	0.9803149606299212	0.9641457844451894
90	ProposalWeighted	F4_nsga2	FairVotingClassifier	4	0.0075883256528417	0.0017094017094017	0.9959546925566344	0.9803149606299212	0.9641457844451894
91	ProposalWeighted	F5_nsga2	FairVotingClassifier	4	0.0075883256528417	0.0017094017094017	0.9959546925566344	0.9803149606299212	0.9641457844451894
92	Proposal	rnsga2	FairVotingClassifier	4	0.0074846625766871	0.0	0.9975728155339806	0.9803149606299212	0.964968152866242
93	ProposalWeighted	F1_rnsga2	FairVotingClassifier	4	0.0074846625766871	0.0	0.9975728155339806	0.9803149606299212	0.964968152866242
94	ProposalWeighted	F2_rnsga2	FairVotingClassifier	4	0.0074846625766871	0.0	0.9975728155339806	0.9803149606299212	0.964968152866242
95	ProposalWeighted	F3_rnsga2	FairVotingClassifier	4	0.0074846625766871	0.0	0.9975728155339806	0.9803149606299212	0.964968152866242
96	ProposalWeighted	F4_rnsga2	FairVotingClassifier	4	0.0074846625766871	0.0	0.9975728155339806	0.9803149606299212	0.964968152866242
97	ProposalWeighted	F5_rnsga2	FairVotingClassifier	4	0.0074846625766871	0.0	0.9975728155339806	0.9803149606299212	0.964968152866242
98	AIF360	AdversarialDebiasing	AdversarialDebiasing	4	0.0074846625766871	0.0	1.0	0.9803149606299212	0.964968152866242
99	AIF360	PostProcessingMeta	PostProcessingMeta	4	0.0067559176374158	0.008130081300813	0.988673139158576	0.9739319819065172	0.964968152866242
100	Voting		VotingClassifier	5	0.0017256462185578	0.0	1.0	0.979746835443038	0.96742671009772
101	Fairlearn	false_positive_rate_parity	VotingClassifier	5	0.0296031522656909	0.0	1.0	0.9632911392405064	0.9600977198697068
102	Fairlearn	true_positive_rate_parity	VotingClassifier	5	0.0017256462185578	0.0	1.0	0.979746835443038	0.96742671009772
103	Fairlearn	equalized_odds	VotingClassifier	5	0.0296031522656909	0.0	1.0	0.9632911392405064	0.9600977198697068
104	scikit-lego	DemographicParityClassifier	OneVsRestClassifier	5	0.0017256462185578	0.0	1.0	0.979746835443038	0.96742671009772
105	scikit-lego	EqualOpportunityClassifier	OneVsRestClassifier	5	0.0017256462185578	0.0	1.0	0.979746835443038	0.96742671009772
106	Proposal	nsga2	FairVotingClassifier	5	0.0017256462185578	0.0	1.0	0.979746835443038	0.96742671009772
107	ProposalWeighted	F1_nsga2	FairVotingClassifier	5	0.0018243794709299	0.0017391304347825	1.0	0.979746835443038	0.9665891891596964
108	ProposalWeighted	F2_nsga2	FairVotingClassifier	5	0.0017256462185578	0.0	0.9983484723369116	0.979746835443038	0.96742671009772
109	ProposalWeighted	F3_nsga2	FairVotingClassifier	5	0.0019234236941756	0.0034722222222222	0.9983484723369116	0.979746835443038	0.9657516682216728
110	ProposalWeighted	F4_nsga2	FairVotingClassifier	5	0.0017256462185578	0.0	1.0	0.979746835443038	0.96742671009772
111	ProposalWeighted	F5_nsga2	FairVotingClassifier	5	0.0017256462185578	0.0	1.0	0.979746835443038	0.96742671009772
112	Proposal	rnsga2	FairVotingClassifier	5	0.0017256462185578	0.0	1.0	0.979746835443038	0.96742671009772
113	ProposalWeighted	F1_rnsga2	FairVotingClassifier	5	0.0017256462185578	0.0	1.0	0.979746835443038	0.96742671009772
114	ProposalWeighted	F2_rnsga2	FairVotingClassifier	5	0.0017256462185578	0.0	1.0	0.979746835443038	0.96742671009772
115	ProposalWeighted	F3_rnsga2	FairVotingClassifier	5	0.0017256462185578	0.0	1.0	0.979746835443038	0.96742671009772
116	ProposalWeighted	F4_rnsga2	FairVotingClassifier	5	0.0017256462185578	0.0	1.0	0.979746835443038	0.96742671009772
117	ProposalWeighted	F5_rnsga2	FairVotingClassifier	5	0.0017256462185578	0.0	1.0	0.979746835443038	0.96742671009772
118	AIF360	AdversarialDebiasing	AdversarialDebiasing	5	0.0017256462185578	0.0	1.0	0.979746835443038	0.96742671009772
119	AIF360	PostProcessingMeta	PostProcessingMeta	5	0.0044285897537704	0.0104166666666666	0.9867877786952932	0.9728825769270352	0.96742671009772
120	Voting		VotingClassifier	6	0.0051866966423928	0.0	1.0	0.9839108910891088	0.9710743801652892
121	Fairlearn	false_positive_rate_parity	VotingClassifier	6	0.0255649502187093	0.0017605633802817	1.0	0.9715346534653464	0.9677575203842904
122	Fairlearn	true_positive_rate_parity	VotingClassifier	6	0.0051866966423928	0.0	1.0	0.9839108910891088	0.9710743801652892
123	Fairlearn	equalized_odds	VotingClassifier	6	0.0733551278442919	0.0	1.0	0.9047029702970296	0.9024793388429752
124	scikit-lego	DemographicParityClassifier	OneVsRestClassifier	6	0.0051866966423928	0.0	1.0	0.9839108910891088	0.9710743801652892
125	scikit-lego	EqualOpportunityClassifier	OneVsRestClassifier	6	0.0051866966423928	0.0	1.0	0.9839108910891088	0.9710743801652892
126	Proposal	nsga2	FairVotingClassifier	6	0.0050799149866705	0.0007997069230494	0.9966722129783694	0.9818783707639056	0.9702368592272658
127	ProposalWeighted	F1_nsga2	FairVotingClassifier	6	0.0050799149866705	0.0007997069230494	0.9966722129783694	0.9818783707639056	0.9702368592272658
128	ProposalWeighted	F2_nsga2	FairVotingClassifier	6	0.0050799149866705	0.0007997069230494	0.9966722129783694	0.9818783707639056	0.9702368592272658
129	ProposalWeighted	F3_nsga2	FairVotingClassifier	6	0.0050799149866705	0.0007997069230494	0.9966722129783694	0.9818783707639056	0.9702368592272658
130	ProposalWeighted	F4_nsga2	FairVotingClassifier	6	0.0050799149866705	0.0007997069230494	0.9966722129783694	0.9818783707639056	0.9702368592272658
131	ProposalWeighted	F5_nsga2	FairVotingClassifier	6	0.0050799149866705	0.0007997069230494	0.9966722129783694	0.9818783707639056	0.9702368592272658
132	Proposal	rnsga2	FairVotingClassifier	6	0.0051866966423928	0.0	1.0	0.9839108910891088	0.9710743801652892
133	ProposalWeighted	F1_rnsga2	FairVotingClassifier	6	0.0051866966423928	0.0	1.0	0.9839108910891088	0.9710743801652892
134	ProposalWeighted	F2_rnsga2	FairVotingClassifier	6	0.0051866966423928	0.0	1.0	0.9839108910891088	0.9710743801652892
135	ProposalWeighted	F3_rnsga2	FairVotingClassifier	6	0.0051866966423928	0.0	1.0	0.9839108910891088	0.9710743801652892
136	ProposalWeighted	F4_rnsga2	FairVotingClassifier	6	0.0051866966423928	0.0	1.0	0.9839108910891088	0.9710743801652892
137	ProposalWeighted	F5_rnsga2	FairVotingClassifier	6	0.0051866966423928	0.0	1.0	0.9839108910891088	0.9710743801652892
138	AIF360	AdversarialDebiasing	AdversarialDebiasing	6	0.0051866966423928	0.0	1.0	0.9839108910891088	0.9710743801652892
139	AIF360	PostProcessingMeta	PostProcessingMeta	6	0.0051866966423928	0.0	1.0	0.9839108910891088	0.9710743801652892
140	Voting		VotingClassifier	7	0.0043223180076628	0.0	1.0	0.9786096256684492	0.9669291338582676
141	Fairlearn	false_positive_rate_parity	VotingClassifier	7	0.0344408313304114	0.0050847457627118	1.0	0.9598930481283424	0.9596963632054356
142	Fairlearn	true_positive_rate_parity	VotingClassifier	7	0.0043223180076628	0.0	1.0	0.9786096256684492	0.9669291338582676
143	Fairlearn	equalized_odds	VotingClassifier	7	0.0852343100826239	0.0	1.0	0.8703208556149733	0.8834645669291339
144	scikit-lego	DemographicParityClassifier	OneVsRestClassifier	7	0.0043223180076628	0.0	1.0	0.9786096256684492	0.9669291338582676
145	scikit-lego	EqualOpportunityClassifier	OneVsRestClassifier	7	0.0043223180076628	0.0	1.0	0.9786096256684492	0.9669291338582676
146	Proposal	nsga2	FairVotingClassifier	7	0.007485465116279	0.005540166204986	0.9935117599351176	0.9758648914111098	0.9669291338582676
147	ProposalWeighted	F1_nsga2	FairVotingClassifier	7	0.007485465116279	0.005540166204986	0.9935117599351176	0.9758648914111098	0.9669291338582676
148	ProposalWeighted	F2_nsga2	FairVotingClassifier	7	0.007485465116279	0.005540166204986	0.9935117599351176	0.9758648914111098	0.9669291338582676
149	ProposalWeighted	F3_nsga2	FairVotingClassifier	7	0.007485465116279	0.005540166204986	0.9935117599351176	0.9758648914111098	0.9669291338582676
150	ProposalWeighted	F4_nsga2	FairVotingClassifier	7	0.007485465116279	0.005540166204986	0.9935117599351176	0.9758648914111098	0.9669291338582676
151	ProposalWeighted	F5_nsga2	FairVotingClassifier	7	0.007485465116279	0.005540166204986	0.9935117599351176	0.9758648914111098	0.9669291338582676
152	Proposal	rnsga2	FairVotingClassifier	7	0.0043223180076628	0.0	1.0	0.9786096256684492	0.9669291338582676
153	ProposalWeighted	F1_rnsga2	FairVotingClassifier	7	0.0043223180076628	0.0	1.0	0.9786096256684492	0.9669291338582676
154	ProposalWeighted	F2_rnsga2	FairVotingClassifier	7	0.0043223180076628	0.0	1.0	0.9786096256684492	0.9669291338582676
155	ProposalWeighted	F3_rnsga2	FairVotingClassifier	7	0.0043223180076628	0.0	1.0	0.9786096256684492	0.9669291338582676
156	ProposalWeighted	F4_rnsga2	FairVotingClassifier	7	0.0043223180076628	0.0	1.0	0.9786096256684492	0.9669291338582676
157	ProposalWeighted	F5_rnsga2	FairVotingClassifier	7	0.0043223180076628	0.0	1.0	0.9786096256684492	0.9669291338582676
158	AIF360	AdversarialDebiasing	AdversarialDebiasing	7	0.0043223180076628	0.0	1.0	0.9786096256684492	0.9669291338582676
159	AIF360	PostProcessingMeta	PostProcessingMeta	7	0.0087144308943089	0.0348525469168901	0.975669099756691	0.954752810214995	0.9669291338582676
160	Voting		VotingClassifier	8	0.0259340887961355	0.0	1.0	0.990691489361702	0.971563981042654
161	Fairlearn	false_positive_rate_parity	VotingClassifier	8	0.0046588794201195	0.0067796610169491	1.0	0.9747340425531916	0.959612554731734
162	Fairlearn	true_positive_rate_parity	VotingClassifier	8	0.0259340887961355	0.0	1.0	0.990691489361702	0.971563981042654
163	Fairlearn	equalized_odds	VotingClassifier	8	0.0898434260503226	0.0	1.0	0.8816489361702128	0.887045813586098
164	scikit-lego	DemographicParityClassifier	OneVsRestClassifier	8	0.0259340887961355	0.0	1.0	0.990691489361702	0.971563981042654
165	scikit-lego	EqualOpportunityClassifier	OneVsRestClassifier	8	0.0259340887961355	0.0	1.0	0.990691489361702	0.971563981042654
166	Proposal	nsga2	FairVotingClassifier	8	0.0260196905766526	0.0016722408026755	0.9967897271268058	0.990691489361702	0.970748320357499
167	ProposalWeighted	F1_nsga2	FairVotingClassifier	8	0.0260196905766526	0.0016722408026755	0.9967897271268058	0.990691489361702	0.970748320357499
168	ProposalWeighted	F2_nsga2	FairVotingClassifier	8	0.0260196905766526	0.0016722408026755	0.9967897271268058	0.990691489361702	0.970748320357499
169	ProposalWeighted	F3_nsga2	FairVotingClassifier	8	0.0260196905766526	0.0016722408026755	0.9967897271268058	0.990691489361702	0.970748320357499
170	ProposalWeighted	F4_nsga2	FairVotingClassifier	8	0.0260196905766526	0.0016722408026755	0.9967897271268058	0.990691489361702	0.970748320357499
171	ProposalWeighted	F5_nsga2	FairVotingClassifier	8	0.0260196905766526	0.0016722408026755	0.9967897271268058	0.990691489361702	0.970748320357499
172	Proposal	rnsga2	FairVotingClassifier	8	0.0260196905766526	0.0016722408026755	0.9967897271268058	0.990691489361702	0.970748320357499
173	ProposalWeighted	F1_rnsga2	FairVotingClassifier	8	0.0260196905766526	0.0016722408026755	0.9967897271268058	0.990691489361702	0.970748320357499
174	ProposalWeighted	F2_rnsga2	FairVotingClassifier	8	0.0260196905766526	0.0016722408026755	0.9967897271268058	0.990691489361702	0.970748320357499
175	ProposalWeighted	F3_rnsga2	FairVotingClassifier	8	0.0260196905766526	0.0016722408026755	0.9967897271268058	0.990691489361702	0.970748320357499
176	ProposalWeighted	F4_rnsga2	FairVotingClassifier	8	0.0260196905766526	0.0016722408026755	0.9967897271268058	0.990691489361702	0.970748320357499
177	ProposalWeighted	F5_rnsga2	FairVotingClassifier	8	0.0260196905766526	0.0016722408026755	0.9967897271268058	0.990691489361702	0.970748320357499
178	AIF360	AdversarialDebiasing	AdversarialDebiasing	8	0.0259340887961355	0.0	1.0	0.990691489361702	0.971563981042654
179	AIF360	PostProcessingMeta	PostProcessingMeta	8	0.0259340887961355	0.0	1.0	0.990691489361702	0.971563981042654
180	Voting		VotingClassifier	9	0.0012364926616848	0.0	1.0	0.9806201550387598	0.9710610932475884
181	Fairlearn	false_positive_rate_parity	VotingClassifier	9	0.0257962755673145	0.003454231433506	1.0	0.9651162790697674	0.962134319182159
182	Fairlearn	true_positive_rate_parity	VotingClassifier	9	0.0012364926616848	0.0	1.0	0.9806201550387598	0.9710610932475884
183	Fairlearn	equalized_odds	VotingClassifier	9	0.0577142380329875	0.0	1.0	0.9198966408268734	0.9228295819935692
184	scikit-lego	DemographicParityClassifier	OneVsRestClassifier	9	0.0012364926616848	0.0	1.0	0.9806201550387598	0.9710610932475884
185	scikit-lego	EqualOpportunityClassifier	OneVsRestClassifier	9	0.0012364926616848	0.0	1.0	0.9806201550387598	0.9710610932475884
186	Proposal	nsga2	FairVotingClassifier	9	0.0013282119395484	0.0017035775127768	1.0	0.9806201550387598	0.9702150695589252
187	ProposalWeighted	F1_nsga2	FairVotingClassifier	9	0.0013282119395484	0.0017035775127768	1.0	0.9806201550387598	0.9702150695589252
188	ProposalWeighted	F2_nsga2	FairVotingClassifier	9	3.67228526311908e-05	0.014169438360239	0.9991755976916736	0.968715393133998	0.9702150695589252
189	ProposalWeighted	F3_nsga2	FairVotingClassifier	9	0.0009042136355416	0.0036440160701108	1.0	0.9766519010705058	0.9702150695589252
190	ProposalWeighted	F4_nsga2	FairVotingClassifier	9	0.0012364926616848	0.0	1.0	0.9806201550387598	0.9710610932475884
191	ProposalWeighted	F5_nsga2	FairVotingClassifier	9	0.0012364926616848	0.0	0.9991755976916736	0.9806201550387598	0.9710610932475884
192	Proposal	rnsga2	FairVotingClassifier	9	0.0009042136355416	0.0036440160701108	1.0	0.9766519010705058	0.9702150695589252
193	ProposalWeighted	F1_rnsga2	FairVotingClassifier	9	0.0009042136355416	0.0036440160701108	1.0	0.9766519010705058	0.9702150695589252
194	ProposalWeighted	F2_rnsga2	FairVotingClassifier	9	3.67228526311908e-05	0.014169438360239	0.9991755976916736	0.968715393133998	0.9702150695589252
195	ProposalWeighted	F3_rnsga2	FairVotingClassifier	9	0.0009042136355416	0.0036440160701108	1.0	0.9766519010705058	0.9702150695589252
196	ProposalWeighted	F4_rnsga2	FairVotingClassifier	9	0.0009042136355416	0.0036440160701108	1.0	0.9766519010705058	0.9702150695589252
197	ProposalWeighted	F5_rnsga2	FairVotingClassifier	9	3.67228526311908e-05	0.014169438360239	0.9991755976916736	0.968715393133998	0.9702150695589252
198	AIF360	AdversarialDebiasing	AdversarialDebiasing	9	0.0012364926616848	0.0	1.0	0.9806201550387598	0.9710610932475884
199	AIF360	PostProcessingMeta	PostProcessingMeta	9	0.0016393755123048	0.0386597938144329	0.9851607584501236	0.9521502399409376	0.9710610932475884
200	Voting		VotingClassifier	10	0.0081684981684981	0.0	1.0	0.9797297297297296	0.9655712050078248
201	Fairlearn	false_positive_rate_parity	VotingClassifier	10	0.0259368494101318	0.0016949152542372	1.0	0.9635135135135134	0.9600512868188228
202	Fairlearn	true_positive_rate_parity	VotingClassifier	10	0.0081684981684981	0.0	1.0	0.9797297297297296	0.9655712050078248
203	Fairlearn	equalized_odds	VotingClassifier	10	0.1052003410059676	0.0	1.0	0.854054054054054	0.8755868544600939
204	scikit-lego	DemographicParityClassifier	OneVsRestClassifier	10	0.0081684981684981	0.0	1.0	0.9797297297297296	0.9655712050078248
205	scikit-lego	EqualOpportunityClassifier	OneVsRestClassifier	10	0.0081684981684981	0.0	1.0	0.9797297297297296	0.9655712050078248
206	Proposal	nsga2	FairVotingClassifier	10	0.0079313515170088	0.0028089887640448	0.9991967871485944	0.9776200250883796	0.9655712050078248
207	ProposalWeighted	F1_nsga2	FairVotingClassifier	10	0.0079313515170088	0.0028089887640448	0.9991967871485944	0.9776200250883796	0.9655712050078248
208	ProposalWeighted	F2_nsga2	FairVotingClassifier	10	0.0079313515170088	0.0028089887640448	0.9991967871485944	0.9776200250883796	0.9655712050078248
209	ProposalWeighted	F3_nsga2	FairVotingClassifier	10	0.0079313515170088	0.0028089887640448	0.9991967871485944	0.9776200250883796	0.9655712050078248
210	ProposalWeighted	F4_nsga2	FairVotingClassifier	10	0.0079313515170088	0.0028089887640448	0.9991967871485944	0.9776200250883796	0.9655712050078248
211	ProposalWeighted	F5_nsga2	FairVotingClassifier	10	0.0079313515170088	0.0028089887640448	0.9991967871485944	0.9776200250883796	0.9655712050078248
212	Proposal	rnsga2	FairVotingClassifier	10	0.0079313515170088	0.0028089887640448	0.9991967871485944	0.9776200250883796	0.9655712050078248
213	ProposalWeighted	F1_rnsga2	FairVotingClassifier	10	0.0079313515170088	0.0028089887640448	0.9991967871485944	0.9776200250883796	0.9655712050078248
214	ProposalWeighted	F2_rnsga2	FairVotingClassifier	10	0.0079313515170088	0.0028089887640448	0.9991967871485944	0.9776200250883796	0.9655712050078248
215	ProposalWeighted	F3_rnsga2	FairVotingClassifier	10	0.0079313515170088	0.0028089887640448	0.9991967871485944	0.9776200250883796	0.9655712050078248
216	ProposalWeighted	F4_rnsga2	FairVotingClassifier	10	0.0079313515170088	0.0028089887640448	0.9991967871485944	0.9776200250883796	0.9655712050078248
217	ProposalWeighted	F5_rnsga2	FairVotingClassifier	10	0.0079313515170088	0.0028089887640448	0.9991967871485944	0.9776200250883796	0.9655712050078248
218	AIF360	AdversarialDebiasing	AdversarialDebiasing	10	0.0081684981684981	0.0	1.0	0.9797297297297296	0.9655712050078248
219	AIF360	PostProcessingMeta	PostProcessingMeta	10	0.0081684981684981	0.0	1.0	0.9797297297297296	0.9655712050078248
220	Voting		VotingClassifier	11	0.0186518223858815	0.0	1.0	0.9832402234636872	0.966973886328725
221	Fairlearn	false_positive_rate_parity	VotingClassifier	11	0.0039643152546378	0.0049668874172185	1.0	0.9706703910614526	0.9591140985340944
222	Fairlearn	true_positive_rate_parity	VotingClassifier	11	0.0186518223858815	0.0	1.0	0.9832402234636872	0.966973886328725
223	Fairlearn	equalized_odds	VotingClassifier	11	0.0219593771457682	0.0	1.0	0.9106145251396648	0.8917050691244239
224	scikit-lego	DemographicParityClassifier	OneVsRestClassifier	11	0.0186518223858815	0.0	1.0	0.9832402234636872	0.966973886328725
225	scikit-lego	EqualOpportunityClassifier	OneVsRestClassifier	11	0.0186518223858815	0.0	1.0	0.9832402234636872	0.966973886328725
226	Proposal	nsga2	FairVotingClassifier	11	0.0165332831183504	0.0097892271662763	0.995219123505976	0.9748720226268672	0.9669141209143346
227	ProposalWeighted	F1_nsga2	FairVotingClassifier	11	0.0165332831183504	0.0097892271662763	0.995219123505976	0.9748720226268672	0.9669141209143346
228	ProposalWeighted	F2_nsga2	FairVotingClassifier	11	0.0165332831183504	0.0097892271662763	0.995219123505976	0.9748720226268672	0.9669141209143346
229	ProposalWeighted	F3_nsga2	FairVotingClassifier	11	0.0165332831183504	0.0097892271662763	0.995219123505976	0.9748720226268672	0.9669141209143346
230	ProposalWeighted	F4_nsga2	FairVotingClassifier	11	0.0165332831183504	0.0097892271662763	0.995219123505976	0.9748720226268672	0.9669141209143346
231	ProposalWeighted	F5_nsga2	FairVotingClassifier	11	0.0165332831183504	0.0097892271662763	0.995219123505976	0.9748720226268672	0.9669141209143346
232	Proposal	rnsga2	FairVotingClassifier	11	0.0178775913747035	0.0114285714285714	0.996812749003984	0.9748720226268672	0.966973886328725
233	ProposalWeighted	F1_rnsga2	FairVotingClassifier	11	0.0178775913747035	0.0114285714285714	0.996812749003984	0.9748720226268672	0.966973886328725
234	ProposalWeighted	F2_rnsga2	FairVotingClassifier	11	0.0178775913747035	0.0114285714285714	0.996812749003984	0.9748720226268672	0.966973886328725
235	ProposalWeighted	F3_rnsga2	FairVotingClassifier	11	0.0178775913747035	0.0114285714285714	0.996812749003984	0.9748720226268672	0.966973886328725
236	ProposalWeighted	F4_rnsga2	FairVotingClassifier	11	0.0178775913747035	0.0114285714285714	0.996812749003984	0.9748720226268672	0.966973886328725
237	ProposalWeighted	F5_rnsga2	FairVotingClassifier	11	0.0178775913747035	0.0114285714285714	0.996812749003984	0.9748720226268672	0.966973886328725
238	AIF360	AdversarialDebiasing	AdversarialDebiasing	11	0.0186518223858815	0.0	1.0	0.9832402234636872	0.966973886328725
239	AIF360	PostProcessingMeta	PostProcessingMeta	11	0.0206272539927872	0.0280112044817927	0.9776892430278884	0.9637163694163297	0.966973886328725
240	Voting		VotingClassifier	12	0.0239860390079158	0.0	1.0	0.9733333333333332	0.969242902208202
241	Fairlearn	false_positive_rate_parity	VotingClassifier	12	0.0479636949202166	0.0	1.0	0.9573333333333331	0.9582018927444794
242	Fairlearn	true_positive_rate_parity	VotingClassifier	12	0.0239860390079158	0.0	1.0	0.9733333333333332	0.969242902208202
243	Fairlearn	equalized_odds	VotingClassifier	12	0.0941347337642351	0.0	1.0	0.9106666666666668	0.9211356466876972
244	scikit-lego	DemographicParityClassifier	OneVsRestClassifier	12	0.0239860390079158	0.0	1.0	0.9733333333333332	0.969242902208202
245	scikit-lego	EqualOpportunityClassifier	OneVsRestClassifier	12	0.0239860390079158	0.0	1.0	0.9733333333333332	0.969242902208202
246	Proposal	nsga2	FairVotingClassifier	12	0.0238966427763108	0.0016778523489933	0.9992038216560508	0.9733333333333332	0.9684390436873016
247	ProposalWeighted	F1_nsga2	FairVotingClassifier	12	0.0238069752359604	0.0033500837520937	0.998407643312102	0.9733333333333332	0.9676351851664012
248	ProposalWeighted	F2_nsga2	FairVotingClassifier	12	0.0243318204740292	0.0028089887640448	0.998407643312102	0.9710708898944194	0.969242902208202
249	ProposalWeighted	F3_nsga2	FairVotingClassifier	12	0.0238069752359604	0.0033500837520937	0.998407643312102	0.9733333333333332	0.9676351851664012
250	ProposalWeighted	F4_nsga2	FairVotingClassifier	12	0.0238966427763108	0.0016778523489933	0.9992038216560508	0.9733333333333332	0.9684390436873016
251	ProposalWeighted	F5_nsga2	FairVotingClassifier	12	0.0239860390079158	0.0	1.0	0.9733333333333332	0.969242902208202
252	Proposal	rnsga2	FairVotingClassifier	12	0.0238069752359604	0.0033500837520937	0.998407643312102	0.9733333333333332	0.9676351851664012
253	ProposalWeighted	F1_rnsga2	FairVotingClassifier	12	0.0238069752359604	0.0033500837520937	0.998407643312102	0.9733333333333332	0.9676351851664012
254	ProposalWeighted	F2_rnsga2	FairVotingClassifier	12	0.0238069752359604	0.0033500837520937	0.998407643312102	0.9733333333333332	0.9676351851664012
255	ProposalWeighted	F3_rnsga2	FairVotingClassifier	12	0.0238069752359604	0.0033500837520937	0.998407643312102	0.9733333333333332	0.9676351851664012
256	ProposalWeighted	F4_rnsga2	FairVotingClassifier	12	0.0238069752359604	0.0033500837520937	0.998407643312102	0.9733333333333332	0.9676351851664012
257	ProposalWeighted	F5_rnsga2	FairVotingClassifier	12	0.0241527567020738	0.0005410949880488	0.998407643312102	0.9710708898944194	0.9676351851664012
258	AIF360	AdversarialDebiasing	AdversarialDebiasing	12	0.0239860390079158	0.0	1.0	0.9733333333333332	0.969242902208202
259	AIF360	PostProcessingMeta	PostProcessingMeta	12	0.0257442498525603	0.0138888888888888	0.982484076433121	0.9620211161387632	0.969242902208202
260	Voting		VotingClassifier	13	0.0036912894055751	0.0	1.0	0.9800498753117208	0.9695723684210528
261	Fairlearn	false_positive_rate_parity	VotingClassifier	13	0.0557654891640518	0.0017667844522968	1.0	0.9576059850374063	0.9638048245614036
262	Fairlearn	true_positive_rate_parity	VotingClassifier	13	0.0036912894055751	0.0	1.0	0.9800498753117208	0.9695723684210528
263	Fairlearn	equalized_odds	VotingClassifier	13	0.0473887814313346	0.0	1.0	0.9513715710723192	0.950657894736842
264	scikit-lego	DemographicParityClassifier	OneVsRestClassifier	13	0.0036912894055751	0.0	1.0	0.9800498753117208	0.9695723684210528
265	scikit-lego	EqualOpportunityClassifier	OneVsRestClassifier	13	0.0036912894055751	0.0	1.0	0.9800498753117208	0.9695723684210528
266	Proposal	nsga2	FairVotingClassifier	13	0.0035999611471309	0.0017482517482517	0.9991721854304636	0.9800498753117208	0.9687390350877192
267	ProposalWeighted	F1_nsga2	FairVotingClassifier	13	0.0035999611471309	0.0017482517482517	0.9991721854304636	0.9800498753117208	0.9687390350877192
268	ProposalWeighted	F2_nsga2	FairVotingClassifier	13	0.0035999611471309	0.0017482517482517	0.9991721854304636	0.9800498753117208	0.9687390350877192
269	ProposalWeighted	F3_nsga2	FairVotingClassifier	13	0.0035999611471309	0.0017482517482517	0.9991721854304636	0.9800498753117208	0.9687390350877192
270	ProposalWeighted	F4_nsga2	FairVotingClassifier	13	0.0035999611471309	0.0017482517482517	0.9991721854304636	0.9800498753117208	0.9687390350877192
271	ProposalWeighted	F5_nsga2	FairVotingClassifier	13	0.0035999611471309	0.0017482517482517	0.9991721854304636	0.9800498753117208	0.9687390350877192
272	Proposal	rnsga2	FairVotingClassifier	13	0.0036912894055751	0.0	1.0	0.9800498753117208	0.9695723684210528
273	ProposalWeighted	F1_rnsga2	FairVotingClassifier	13	0.0036912894055751	0.0	1.0	0.9800498753117208	0.9695723684210528
274	ProposalWeighted	F2_rnsga2	FairVotingClassifier	13	0.0036912894055751	0.0	1.0	0.9800498753117208	0.9695723684210528
275	ProposalWeighted	F3_rnsga2	FairVotingClassifier	13	0.0036912894055751	0.0	1.0	0.9800498753117208	0.9695723684210528
276	ProposalWeighted	F4_rnsga2	FairVotingClassifier	13	0.0036912894055751	0.0	1.0	0.9800498753117208	0.9695723684210528
277	ProposalWeighted	F5_rnsga2	FairVotingClassifier	13	0.0036912894055751	0.0	1.0	0.9800498753117208	0.9695723684210528
278	AIF360	AdversarialDebiasing	AdversarialDebiasing	13	0.0036912894055751	0.0	1.0	0.9800498753117208	0.9695723684210528
279	AIF360	PostProcessingMeta	PostProcessingMeta	13	0.0044152276295133	0.0077319587628865	0.9817880794701986	0.973877035805548	0.9695723684210528
280	Voting		VotingClassifier	14	0.0163139329805996	0.0	1.0	0.9819444444444444	0.9661016949152542
281	Fairlearn	false_positive_rate_parity	VotingClassifier	14	0.0056158565361019	0.0016638935108153	1.0	0.9708333333333332	0.9614218002224512
282	Fairlearn	true_positive_rate_parity	VotingClassifier	14	0.0163139329805996	0.0	1.0	0.9819444444444444	0.9661016949152542
283	Fairlearn	equalized_odds	VotingClassifier	14	0.0623612037509318	0.0	1.0	0.8722222222222222	0.8721109399075501
284	scikit-lego	DemographicParityClassifier	OneVsRestClassifier	14	0.0163139329805996	0.0	1.0	0.9819444444444444	0.9661016949152542
285	scikit-lego	EqualOpportunityClassifier	OneVsRestClassifier	14	0.0163139329805996	0.0	1.0	0.9819444444444444	0.9661016949152542
286	Proposal	nsga2	FairVotingClassifier	14	0.0163139329805996	0.0	1.0	0.9819444444444444	0.9661016949152542
287	ProposalWeighted	F1_nsga2	FairVotingClassifier	14	0.0166297526762643	0.0049342105263158	0.997605746209098	0.9819444444444444	0.9636182512066448
288	ProposalWeighted	F2_nsga2	FairVotingClassifier	14	0.0163139329805996	0.0	1.0	0.9819444444444444	0.9661016949152542
289	ProposalWeighted	F3_nsga2	FairVotingClassifier	14	0.0165301526812006	0.0036945812807881	0.9952114924181964	0.9798523942352394	0.9627904366371084
290	ProposalWeighted	F4_nsga2	FairVotingClassifier	14	0.0163139329805996	0.0	1.0	0.9819444444444444	0.9661016949152542
291	ProposalWeighted	F5_nsga2	FairVotingClassifier	14	0.0163139329805996	0.0	1.0	0.9819444444444444	0.9661016949152542
292	Proposal	rnsga2	FairVotingClassifier	14	0.0165301526812006	0.0036945812807881	0.9952114924181964	0.9798523942352394	0.9627904366371084
293	ProposalWeighted	F1_rnsga2	FairVotingClassifier	14	0.0165301526812006	0.0036945812807881	0.9952114924181964	0.9798523942352394	0.9627904366371084
294	ProposalWeighted	F2_rnsga2	FairVotingClassifier	14	0.0165301526812006	0.0036945812807881	0.9952114924181964	0.9798523942352394	0.9627904366371084
295	ProposalWeighted	F3_rnsga2	FairVotingClassifier	14	0.0163229813664596	0.000837485473391	0.9936153232242618	0.9777603440260344	0.9627904366371084
296	ProposalWeighted	F4_rnsga2	FairVotingClassifier	14	0.0165301526812006	0.0036945812807881	0.9952114924181964	0.9798523942352394	0.9627904366371084
297	ProposalWeighted	F5_rnsga2	FairVotingClassifier	14	0.0162170542635658	0.0007964484994721	0.9952114924181964	0.9777603440260344	0.9636182512066448
298	AIF360	AdversarialDebiasing	AdversarialDebiasing	14	0.0163139329805996	0.0	1.0	0.9819444444444444	0.9661016949152542
299	AIF360	PostProcessingMeta	PostProcessingMeta	14	0.0148400100781053	0.019774011299435	0.9904229848363928	0.9673000929800092	0.9661016949152542
300	Voting		VotingClassifier	15	0.0168382798304058	0.0	1.0	0.9842931937172774	0.9681020733652312
301	Fairlearn	false_positive_rate_parity	VotingClassifier	15	0.0154277699859747	0.0	1.0	0.9633507853403142	0.9553429027113238
302	Fairlearn	true_positive_rate_parity	VotingClassifier	15	0.0168382798304058	0.0	1.0	0.9842931937172774	0.9681020733652312
303	Fairlearn	equalized_odds	VotingClassifier	15	0.0591115514821236	0.0	1.0	0.8926701570680629	0.8891547049441787
304	scikit-lego	DemographicParityClassifier	OneVsRestClassifier	15	0.0168382798304058	0.0	1.0	0.9842931937172774	0.9681020733652312
305	scikit-lego	EqualOpportunityClassifier	OneVsRestClassifier	15	0.0168382798304058	0.0	1.0	0.9842931937172774	0.9681020733652312
306	Proposal	nsga2	FairVotingClassifier	15	0.0168382798304058	0.0	1.0	0.9842931937172774	0.9681020733652312
307	ProposalWeighted	F1_nsga2	FairVotingClassifier	15	0.0168382798304058	0.0	1.0	0.9842931937172774	0.9681020733652312
308	ProposalWeighted	F2_nsga2	FairVotingClassifier	15	0.0203564670695232	0.0026881720430107	0.9991816693944352	0.9835859652085795	0.9681020733652312
309	ProposalWeighted	F3_nsga2	FairVotingClassifier	15	0.0205210835132094	0.0	1.0	0.9856020942408378	0.9681020733652312
310	ProposalWeighted	F4_nsga2	FairVotingClassifier	15	0.0168382798304058	0.0	1.0	0.9842931937172774	0.9681020733652312
311	ProposalWeighted	F5_nsga2	FairVotingClassifier	15	0.0203564670695232	0.0026881720430107	0.9991816693944352	0.9835859652085795	0.9681020733652312
312	Proposal	rnsga2	FairVotingClassifier	15	0.0168382798304058	0.0	1.0	0.9842931937172774	0.9681020733652312
313	ProposalWeighted	F1_rnsga2	FairVotingClassifier	15	0.0168382798304058	0.0	1.0	0.9842931937172774	0.9681020733652312
314	ProposalWeighted	F2_rnsga2	FairVotingClassifier	15	0.0205210835132094	0.0	1.0	0.9856020942408378	0.9681020733652312
315	ProposalWeighted	F3_rnsga2	FairVotingClassifier	15	0.0205210835132094	0.0	1.0	0.9856020942408378	0.9681020733652312
316	ProposalWeighted	F4_rnsga2	FairVotingClassifier	15	0.0168382798304058	0.0	1.0	0.9842931937172774	0.9681020733652312
317	ProposalWeighted	F5_rnsga2	FairVotingClassifier	15	0.0205210835132094	0.0	1.0	0.9856020942408378	0.9681020733652312
318	AIF360	AdversarialDebiasing	AdversarialDebiasing	15	0.0168382798304058	0.0	1.0	0.9842931937172774	0.9681020733652312
319	AIF360	PostProcessingMeta	PostProcessingMeta	15	0.0212442729684109	0.0	0.997545008183306	0.9842931937172774	0.9657097288676236
320	Voting		VotingClassifier	16	0.0026162790697674	0.0	1.0	0.9785522788203752	0.9669811320754718
321	Fairlearn	false_positive_rate_parity	VotingClassifier	16	0.0414898079020216	0.0	1.0	0.955764075067024	0.959119496855346
322	Fairlearn	true_positive_rate_parity	VotingClassifier	16	0.0026162790697674	0.0	1.0	0.9785522788203752	0.9669811320754718
323	Fairlearn	equalized_odds	VotingClassifier	16	0.0414898079020216	0.0	1.0	0.955764075067024	0.959119496855346
324	scikit-lego	DemographicParityClassifier	OneVsRestClassifier	16	0.0026162790697674	0.0	1.0	0.9785522788203752	0.9669811320754718
325	scikit-lego	EqualOpportunityClassifier	OneVsRestClassifier	16	0.0026162790697674	0.0	1.0	0.9785522788203752	0.9669811320754718
326	Proposal	nsga2	FairVotingClassifier	16	0.0063938618925831	0.0016806722689075	0.9983857949959644	0.979892761394102	0.96615194467912
327	ProposalWeighted	F1_nsga2	FairVotingClassifier	16	0.0063938618925831	0.0016806722689075	0.9983857949959644	0.979892761394102	0.96615194467912
328	ProposalWeighted	F2_nsga2	FairVotingClassifier	16	0.0063938618925831	0.0016806722689075	0.9983857949959644	0.979892761394102	0.96615194467912
329	ProposalWeighted	F3_nsga2	FairVotingClassifier	16	0.0063938618925831	0.0016806722689075	0.9983857949959644	0.979892761394102	0.96615194467912
330	ProposalWeighted	F4_nsga2	FairVotingClassifier	16	0.0063938618925831	0.0016806722689075	0.9983857949959644	0.979892761394102	0.96615194467912
331	ProposalWeighted	F5_nsga2	FairVotingClassifier	16	0.0063938618925831	0.0016806722689075	0.9983857949959644	0.979892761394102	0.96615194467912
332	Proposal	rnsga2	FairVotingClassifier	16	0.0063938618925831	0.0016806722689075	0.9983857949959644	0.979892761394102	0.96615194467912
333	ProposalWeighted	F1_rnsga2	FairVotingClassifier	16	0.0063938618925831	0.0016806722689075	0.9983857949959644	0.979892761394102	0.96615194467912
334	ProposalWeighted	F2_rnsga2	FairVotingClassifier	16	0.0063938618925831	0.0016806722689075	0.9983857949959644	0.979892761394102	0.96615194467912
335	ProposalWeighted	F3_rnsga2	FairVotingClassifier	16	0.0063938618925831	0.0016806722689075	0.9983857949959644	0.979892761394102	0.96615194467912
336	ProposalWeighted	F4_rnsga2	FairVotingClassifier	16	0.0063938618925831	0.0016806722689075	0.9983857949959644	0.979892761394102	0.96615194467912
337	ProposalWeighted	F5_rnsga2	FairVotingClassifier	16	0.0063938618925831	0.0016806722689075	0.9983857949959644	0.979892761394102	0.96615194467912
338	AIF360	AdversarialDebiasing	AdversarialDebiasing	16	0.0026162790697674	0.0	1.0	0.9785522788203752	0.9669811320754718
339	AIF360	PostProcessingMeta	PostProcessingMeta	16	0.0016242155777039	0.0110803324099723	0.993543179983858	0.970218945487042	0.9669811320754718
340	Voting		VotingClassifier	17	0.004341488546261	0.0	1.0	0.9839506172839506	0.9693708609271524
341	Fairlearn	false_positive_rate_parity	VotingClassifier	17	0.0218479232924092	0.0	1.0	0.9703703703703704	0.961092715231788
342	Fairlearn	true_positive_rate_parity	VotingClassifier	17	0.004341488546261	0.0	1.0	0.9839506172839506	0.9693708609271524
343	Fairlearn	equalized_odds	VotingClassifier	17	0.0775394963565778	0.0	1.0	0.8938271604938272	0.8799668874172185
344	scikit-lego	DemographicParityClassifier	OneVsRestClassifier	17	0.004341488546261	0.0	1.0	0.9839506172839506	0.9693708609271524
345	scikit-lego	EqualOpportunityClassifier	OneVsRestClassifier	17	0.004341488546261	0.0	1.0	0.9839506172839506	0.9693708609271524
346	Proposal	nsga2	FairVotingClassifier	17	0.0039083284769554	0.0050761421319797	0.99835255354201	0.9796587717903884	0.9693708609271524
347	ProposalWeighted	F1_nsga2	FairVotingClassifier	17	0.0039083284769554	0.0050761421319797	0.99835255354201	0.9796587717903884	0.9693708609271524
348	ProposalWeighted	F2_nsga2	FairVotingClassifier	17	0.0039083284769554	0.0050761421319797	0.99835255354201	0.9796587717903884	0.9693708609271524
349	ProposalWeighted	F3_nsga2	FairVotingClassifier	17	0.0039083284769554	0.0050761421319797	0.99835255354201	0.9796587717903884	0.9693708609271524
350	ProposalWeighted	F4_nsga2	FairVotingClassifier	17	0.0039083284769554	0.0050761421319797	0.99835255354201	0.9796587717903884	0.9693708609271524
351	ProposalWeighted	F5_nsga2	FairVotingClassifier	17	0.0039083284769554	0.0050761421319797	0.99835255354201	0.9796587717903884	0.9693708609271524
352	Proposal	rnsga2	FairVotingClassifier	17	0.004341488546261	0.0	1.0	0.9839506172839506	0.9693708609271524
353	ProposalWeighted	F1_rnsga2	FairVotingClassifier	17	0.004341488546261	0.0	1.0	0.9839506172839506	0.9693708609271524
354	ProposalWeighted	F2_rnsga2	FairVotingClassifier	17	0.004341488546261	0.0	1.0	0.9839506172839506	0.9693708609271524
355	ProposalWeighted	F3_rnsga2	FairVotingClassifier	17	0.004341488546261	0.0	1.0	0.9839506172839506	0.9693708609271524
356	ProposalWeighted	F4_rnsga2	FairVotingClassifier	17	0.004341488546261	0.0	1.0	0.9839506172839506	0.9693708609271524
357	ProposalWeighted	F5_rnsga2	FairVotingClassifier	17	0.004341488546261	0.0	1.0	0.9839506172839506	0.9693708609271524
358	AIF360	AdversarialDebiasing	AdversarialDebiasing	17	0.004341488546261	0.0	1.0	0.9839506172839506	0.9693708609271524
359	AIF360	PostProcessingMeta	PostProcessingMeta	17	0.0032451082878526	0.0125944584382871	0.984349258649094	0.973221003550045	0.9693708609271524
360	Voting		VotingClassifier	18	0.0115581446624812	0.0	1.0	0.979591836734694	0.9643435980551052
361	Fairlearn	false_positive_rate_parity	VotingClassifier	18	0.0349468826611546	0.0	1.0	0.9553571428571428	0.9562398703403566
362	Fairlearn	true_positive_rate_parity	VotingClassifier	18	0.0115581446624812	0.0	1.0	0.979591836734694	0.9643435980551052
363	Fairlearn	equalized_odds	VotingClassifier	18	0.0497978227060653	0.0	1.0	0.9464285714285716	0.9529983792544572
364	scikit-lego	DemographicParityClassifier	OneVsRestClassifier	18	0.0115581446624812	0.0	1.0	0.979591836734694	0.9643435980551052
365	scikit-lego	EqualOpportunityClassifier	OneVsRestClassifier	18	0.0115581446624812	0.0	1.0	0.979591836734694	0.9643435980551052
366	Proposal	nsga2	FairVotingClassifier	18	0.0152303836514362	0.0034782608695652	0.9983361064891848	0.9808673469387756	0.9626341963457036
367	ProposalWeighted	F1_nsga2	FairVotingClassifier	18	0.0152303836514362	0.0034782608695652	0.9983361064891848	0.9808673469387756	0.9626341963457036
368	ProposalWeighted	F2_nsga2	FairVotingClassifier	18	0.0152303836514362	0.0034782608695652	0.9983361064891848	0.9808673469387756	0.9626341963457036
369	ProposalWeighted	F3_nsga2	FairVotingClassifier	18	0.0152303836514362	0.0034782608695652	0.9983361064891848	0.9808673469387756	0.9626341963457036
370	ProposalWeighted	F4_nsga2	FairVotingClassifier	18	0.0152303836514362	0.0034782608695652	0.9983361064891848	0.9808673469387756	0.9626341963457036
371	ProposalWeighted	F5_nsga2	FairVotingClassifier	18	0.0152303836514362	0.0034782608695652	0.9983361064891848	0.9808673469387756	0.9626341963457036
372	Proposal	rnsga2	FairVotingClassifier	18	0.0115581446624812	0.0	1.0	0.979591836734694	0.9643435980551052
373	ProposalWeighted	F1_rnsga2	FairVotingClassifier	18	0.0115581446624812	0.0	1.0	0.979591836734694	0.9643435980551052
374	ProposalWeighted	F2_rnsga2	FairVotingClassifier	18	0.0115581446624812	0.0	1.0	0.979591836734694	0.9643435980551052
375	ProposalWeighted	F3_rnsga2	FairVotingClassifier	18	0.0115581446624812	0.0	1.0	0.979591836734694	0.9643435980551052
376	ProposalWeighted	F4_rnsga2	FairVotingClassifier	18	0.0115581446624812	0.0	1.0	0.979591836734694	0.9643435980551052
377	ProposalWeighted	F5_rnsga2	FairVotingClassifier	18	0.0115581446624812	0.0	1.0	0.979591836734694	0.9643435980551052
378	AIF360	AdversarialDebiasing	AdversarialDebiasing	18	0.0115581446624812	0.0	1.0	0.979591836734694	0.9643435980551052
379	AIF360	PostProcessingMeta	PostProcessingMeta	18	0.0150072503013679	0.0	0.9941763727121464	0.9808673469387756	0.9643435980551052
380	Voting		VotingClassifier	19	0.0012257633162469	0.0	1.0	0.9754521963824287	0.9638263665594856
381	Fairlearn	false_positive_rate_parity	VotingClassifier	19	0.0224531894636623	0.0017421602787456	1.0	0.9651162790697674	0.9597720063013876
382	Fairlearn	true_positive_rate_parity	VotingClassifier	19	0.0012257633162469	0.0	1.0	0.9754521963824287	0.9638263665594856
383	Fairlearn	equalized_odds	VotingClassifier	19	0.1031078356392963	0.0	1.0	0.8527131782945736	0.8705787781350482
384	scikit-lego	DemographicParityClassifier	OneVsRestClassifier	19	0.0012257633162469	0.0	1.0	0.9754521963824287	0.9638263665594856
385	scikit-lego	EqualOpportunityClassifier	OneVsRestClassifier	19	0.0012257633162469	0.0	1.0	0.9754521963824287	0.9638263665594856
386	Proposal	nsga2	FairVotingClassifier	19	0.0017668888573724	0.0054054054054053	1.0	0.9714036133864776	0.9638263665594856
387	ProposalWeighted	F1_nsga2	FairVotingClassifier	19	0.0017668888573724	0.0054054054054053	1.0	0.9714036133864776	0.9638263665594856
388	ProposalWeighted	F2_nsga2	FairVotingClassifier	19	0.0017668888573724	0.0054054054054053	1.0	0.9714036133864776	0.9638263665594856
389	ProposalWeighted	F3_nsga2	FairVotingClassifier	19	0.0017668888573724	0.0054054054054053	1.0	0.9714036133864776	0.9638263665594856
390	ProposalWeighted	F4_nsga2	FairVotingClassifier	19	0.0017668888573724	0.0054054054054053	1.0	0.9714036133864776	0.9638263665594856
391	ProposalWeighted	F5_nsga2	FairVotingClassifier	19	0.0017668888573724	0.0054054054054053	1.0	0.9714036133864776	0.9638263665594856
392	Proposal	rnsga2	FairVotingClassifier	19	0.0012257633162469	0.0	1.0	0.9754521963824287	0.9638263665594856
393	ProposalWeighted	F1_rnsga2	FairVotingClassifier	19	0.0012257633162469	0.0	1.0	0.9754521963824287	0.9638263665594856
394	ProposalWeighted	F2_rnsga2	FairVotingClassifier	19	0.0012257633162469	0.0	1.0	0.9754521963824287	0.9638263665594856
395	ProposalWeighted	F3_rnsga2	FairVotingClassifier	19	0.0012257633162469	0.0	1.0	0.9754521963824287	0.9638263665594856
396	ProposalWeighted	F4_rnsga2	FairVotingClassifier	19	0.0012257633162469	0.0	1.0	0.9754521963824287	0.9638263665594856
397	ProposalWeighted	F5_rnsga2	FairVotingClassifier	19	0.0012257633162469	0.0	1.0	0.9754521963824287	0.9638263665594856
398	AIF360	AdversarialDebiasing	AdversarialDebiasing	19	0.0012257633162469	0.0	1.0	0.9754521963824287	0.9638263665594856
399	AIF360	PostProcessingMeta	PostProcessingMeta	19	0.0012257633162469	0.0	1.0	0.9754521963824287	0.9638263665594856
400	Voting		VotingClassifier	20	0.0043517515348501	0.0	1.0	0.9778645833333331	0.9688
401	Fairlearn	false_positive_rate_parity	VotingClassifier	20	0.0427026098901098	0.0051282051282051	1.0	0.9609375	0.9631
402	Fairlearn	true_positive_rate_parity	VotingClassifier	20	0.0043517515348501	0.0	1.0	0.9778645833333331	0.9688
403	Fairlearn	equalized_odds	VotingClassifier	20	0.0544871794871794	0.0	1.0	0.91015625	0.904
404	scikit-lego	DemographicParityClassifier	OneVsRestClassifier	20	0.0043517515348501	0.0	1.0	0.9778645833333331	0.9688
405	scikit-lego	EqualOpportunityClassifier	OneVsRestClassifier	20	0.0043517515348501	0.0	1.0	0.9778645833333331	0.9688
406	Proposal	nsga2	FairVotingClassifier	20	0.0007431979262965	0.0	0.9975510204081632	0.9791666666666669	0.9688
407	ProposalWeighted	F1_nsga2	FairVotingClassifier	20	0.0007431979262965	0.0	0.9975510204081632	0.9791666666666669	0.9688
408	ProposalWeighted	F2_nsga2	FairVotingClassifier	20	0.0007431979262965	0.0	0.9975510204081632	0.9791666666666669	0.9688
409	ProposalWeighted	F3_nsga2	FairVotingClassifier	20	0.0007431979262965	0.0	0.9975510204081632	0.9791666666666669	0.9688
410	ProposalWeighted	F4_nsga2	FairVotingClassifier	20	0.0007431979262965	0.0	0.9975510204081632	0.9791666666666669	0.9688
411	ProposalWeighted	F5_nsga2	FairVotingClassifier	20	0.0007431979262965	0.0	0.9975510204081632	0.9791666666666669	0.9688
412	Proposal	rnsga2	FairVotingClassifier	20	0.0042560887388473	0.0017035775127768	0.9991836734693876	0.9778645833333331	0.9679666666666666
413	ProposalWeighted	F1_rnsga2	FairVotingClassifier	20	0.0042560887388473	0.0017035775127768	0.9991836734693876	0.9778645833333331	0.9679666666666666
414	ProposalWeighted	F2_rnsga2	FairVotingClassifier	20	0.0042560887388473	0.0017035775127768	0.9991836734693876	0.9778645833333331	0.9679666666666666
415	ProposalWeighted	F3_rnsga2	FairVotingClassifier	20	0.0042560887388473	0.0017035775127768	0.9991836734693876	0.9778645833333331	0.9679666666666666
416	ProposalWeighted	F4_rnsga2	FairVotingClassifier	20	0.0042560887388473	0.0017035775127768	0.9991836734693876	0.9778645833333331	0.9679666666666666
417	ProposalWeighted	F5_rnsga2	FairVotingClassifier	20	0.0042560887388473	0.0017035775127768	0.9991836734693876	0.9778645833333331	0.9679666666666666
418	AIF360	AdversarialDebiasing	AdversarialDebiasing	20	0.0043517515348501	0.0	1.0	0.9778645833333331	0.9688
419	AIF360	PostProcessingMeta	PostProcessingMeta	20	0.0017122341894504	0.010752688172043	0.9910204081632652	0.9709362139917695	0.9688
420	Voting		VotingClassifier	21	0.025291983045162	0.0	1.0	0.9856396866840732	0.9648562300319488
421	Fairlearn	false_positive_rate_parity	VotingClassifier	21	0.0084582037508246	0.0017331022530329	1.0	0.9765013054830288	0.9592291732226766
422	Fairlearn	true_positive_rate_parity	VotingClassifier	21	0.025291983045162	0.0	1.0	0.9856396866840732	0.9648562300319488
423	Fairlearn	equalized_odds	VotingClassifier	21	0.0485961296324514	0.0	1.0	0.8890339425587468	0.8730031948881789
424	scikit-lego	DemographicParityClassifier	OneVsRestClassifier	21	0.025291983045162	0.0	1.0	0.9856396866840732	0.9648562300319488
425	scikit-lego	EqualOpportunityClassifier	OneVsRestClassifier	21	0.025291983045162	0.0	1.0	0.9856396866840732	0.9648562300319488
426	Proposal	nsga2	FairVotingClassifier	21	0.0248850318943776	0.0062847341337907	0.9975510204081632	0.9794921457004666	0.9640215054910474
427	ProposalWeighted	F1_nsga2	FairVotingClassifier	21	0.0248850318943776	0.0062847341337907	0.9975510204081632	0.9794921457004666	0.9640215054910474
428	ProposalWeighted	F2_nsga2	FairVotingClassifier	21	0.0248850318943776	0.0062847341337907	0.9975510204081632	0.9794921457004666	0.9640215054910474
429	ProposalWeighted	F3_nsga2	FairVotingClassifier	21	0.0248850318943776	0.0062847341337907	0.9975510204081632	0.9794921457004666	0.9640215054910474
430	ProposalWeighted	F4_nsga2	FairVotingClassifier	21	0.0248850318943776	0.0062847341337907	0.9975510204081632	0.9794921457004666	0.9640215054910474
431	ProposalWeighted	F5_nsga2	FairVotingClassifier	21	0.0248850318943776	0.0062847341337907	0.9975510204081632	0.9794921457004666	0.9640215054910474
432	Proposal	rnsga2	FairVotingClassifier	21	0.0250575646756061	0.0036323277166784	0.9975510204081632	0.9815413260283354	0.9640215054910474
433	ProposalWeighted	F1_rnsga2	FairVotingClassifier	21	0.0250575646756061	0.0036323277166784	0.9975510204081632	0.9815413260283354	0.9640215054910474
434	ProposalWeighted	F2_rnsga2	FairVotingClassifier	21	0.0250575646756061	0.0036323277166784	0.9975510204081632	0.9815413260283354	0.9640215054910474
435	ProposalWeighted	F3_rnsga2	FairVotingClassifier	21	0.0250575646756061	0.0036323277166784	0.9975510204081632	0.9815413260283354	0.9640215054910474
436	ProposalWeighted	F4_rnsga2	FairVotingClassifier	21	0.0250575646756061	0.0036323277166784	0.9975510204081632	0.9815413260283354	0.9640215054910474
437	ProposalWeighted	F5_rnsga2	FairVotingClassifier	21	0.0250575646756061	0.0036323277166784	0.9975510204081632	0.9815413260283354	0.9640215054910474
438	AIF360	AdversarialDebiasing	AdversarialDebiasing	21	0.025291983045162	0.0	1.0	0.9856396866840732	0.9648562300319488
439	AIF360	PostProcessingMeta	PostProcessingMeta	21	0.0256127450980392	0.0051282051282051	0.9975510204081632	0.9856396866840732	0.9623520564092444
440	Voting		VotingClassifier	22	0.0127146272549445	0.0	1.0	0.9813829787234042	0.9660347551342812
441	Fairlearn	false_positive_rate_parity	VotingClassifier	22	0.0099874942182173	0.0034423407917383	1.0	0.9667553191489362	0.955676522482178
442	Fairlearn	true_positive_rate_parity	VotingClassifier	22	0.0127146272549445	0.0	1.0	0.9813829787234042	0.9660347551342812
443	Fairlearn	equalized_odds	VotingClassifier	22	0.0696509138670692	0.0	1.0	0.8949468085106382	0.8996840442338072
444	scikit-lego	DemographicParityClassifier	OneVsRestClassifier	22	0.0127146272549445	0.0	1.0	0.9813829787234042	0.9660347551342812
445	scikit-lego	EqualOpportunityClassifier	OneVsRestClassifier	22	0.0127146272549445	0.0	1.0	0.9813829787234042	0.9660347551342812
446	Proposal	nsga2	FairVotingClassifier	22	0.0122906931464174	0.0054945054945054	0.9967532467532468	0.9772846180676666	0.9660347551342812
447	ProposalWeighted	F1_nsga2	FairVotingClassifier	22	0.0122906931464174	0.0054945054945054	0.9967532467532468	0.9772846180676666	0.9660347551342812
448	ProposalWeighted	F2_nsga2	FairVotingClassifier	22	0.0122906931464174	0.0054945054945054	0.9967532467532468	0.9772846180676666	0.9660347551342812
449	ProposalWeighted	F3_nsga2	FairVotingClassifier	22	0.0122906931464174	0.0054945054945054	0.9967532467532468	0.9772846180676666	0.9660347551342812
450	ProposalWeighted	F4_nsga2	FairVotingClassifier	22	0.0122906931464174	0.0054945054945054	0.9967532467532468	0.9772846180676666	0.9660347551342812
451	ProposalWeighted	F5_nsga2	FairVotingClassifier	22	0.0122906931464174	0.0054945054945054	0.9967532467532468	0.9772846180676666	0.9660347551342812
452	Proposal	rnsga2	FairVotingClassifier	22	0.0122906931464174	0.0054945054945054	0.997564935064935	0.9772846180676666	0.9660347551342812
453	ProposalWeighted	F1_rnsga2	FairVotingClassifier	22	0.0122906931464174	0.0054945054945054	0.997564935064935	0.9772846180676666	0.9660347551342812
454	ProposalWeighted	F2_rnsga2	FairVotingClassifier	22	0.0122906931464174	0.0054945054945054	0.997564935064935	0.9772846180676666	0.9660347551342812
455	ProposalWeighted	F3_rnsga2	FairVotingClassifier	22	0.0122906931464174	0.0054945054945054	0.997564935064935	0.9772846180676666	0.9660347551342812
456	ProposalWeighted	F4_rnsga2	FairVotingClassifier	22	0.0122906931464174	0.0054945054945054	0.997564935064935	0.9772846180676666	0.9660347551342812
457	ProposalWeighted	F5_rnsga2	FairVotingClassifier	22	0.0122906931464174	0.0054945054945054	0.997564935064935	0.9772846180676666	0.9660347551342812
458	AIF360	AdversarialDebiasing	AdversarialDebiasing	22	0.0127146272549445	0.0	1.0	0.9813829787234042	0.9660347551342812
459	AIF360	PostProcessingMeta	PostProcessingMeta	22	0.0102980312030976	0.0294906166219839	0.9797077922077922	0.9588419951168468	0.9660347551342812
460	Voting		VotingClassifier	23	0.0028160646387832	0.0	1.0	0.9769230769230768	0.9660743134087236
461	Fairlearn	false_positive_rate_parity	VotingClassifier	23	0.0347875035181536	0.0	1.0	0.9615384615384616	0.9612277867528272
462	Fairlearn	true_positive_rate_parity	VotingClassifier	23	0.0028160646387832	0.0	1.0	0.9769230769230768	0.9660743134087236
463	Fairlearn	equalized_odds	VotingClassifier	23	0.0347875035181536	0.0	1.0	0.9615384615384616	0.9612277867528272
464	scikit-lego	DemographicParityClassifier	OneVsRestClassifier	23	0.0028160646387832	0.0	1.0	0.9769230769230768	0.9660743134087236
465	scikit-lego	EqualOpportunityClassifier	OneVsRestClassifier	23	0.0028160646387832	0.0	1.0	0.9769230769230768	0.9660743134087236
466	Proposal	nsga2	FairVotingClassifier	23	0.0027133651082668	0.0017301038062284	0.9983566146261298	0.9769230769230768	0.965238193007386
467	ProposalWeighted	F1_nsga2	FairVotingClassifier	23	0.0027133651082668	0.0017301038062284	0.9983566146261298	0.9769230769230768	0.965238193007386
468	ProposalWeighted	F2_nsga2	FairVotingClassifier	23	0.0033405172413793	0.0053475935828877	0.9975349219391948	0.9728414442700156	0.9660743134087236
469	ProposalWeighted	F3_nsga2	FairVotingClassifier	23	0.0024033287897266	0.0068846815834767	0.9967132292522596	0.9769230769230768	0.9627298318033726
470	ProposalWeighted	F4_nsga2	FairVotingClassifier	23	0.0028160646387832	0.0	1.0	0.9769230769230768	0.9660743134087236
471	ProposalWeighted	F5_nsga2	FairVotingClassifier	23	0.0028160646387832	0.0	1.0	0.9769230769230768	0.9660743134087236
472	Proposal	rnsga2	FairVotingClassifier	23	0.0024033287897266	0.0068846815834767	0.9950698438783896	0.9769230769230768	0.9627298318033726
473	ProposalWeighted	F1_rnsga2	FairVotingClassifier	23	0.0024033287897266	0.0068846815834767	0.9950698438783896	0.9769230769230768	0.9627298318033726
474	ProposalWeighted	F2_rnsga2	FairVotingClassifier	23	0.0029277813923227	0.001537088000589	0.9942481511914544	0.9728414442700156	0.9627298318033726
475	ProposalWeighted	F3_rnsga2	FairVotingClassifier	23	0.0029277813923227	0.001537088000589	0.9942481511914544	0.9728414442700156	0.9627298318033726
476	ProposalWeighted	F4_rnsga2	FairVotingClassifier	23	0.0024033287897266	0.0068846815834767	0.9950698438783896	0.9769230769230768	0.9627298318033726
477	ProposalWeighted	F5_rnsga2	FairVotingClassifier	23	0.0032378177108628	0.0036174897766593	0.9967132292522596	0.9728414442700156	0.965238193007386
478	AIF360	AdversarialDebiasing	AdversarialDebiasing	23	0.0028160646387832	0.0	1.0	0.9769230769230768	0.9660743134087236
479	AIF360	PostProcessingMeta	PostProcessingMeta	23	0.0028160646387832	0.0	1.0	0.9769230769230768	0.9660743134087236
480	Voting		VotingClassifier	24	0.0152927336892588	0.0	1.0	0.9814814814814816	0.9643423137876388
481	Fairlearn	false_positive_rate_parity	VotingClassifier	24	0.0470095246597737	0.0034246575342465	1.0	0.955026455026455	0.9595060750132064
482	Fairlearn	true_positive_rate_parity	VotingClassifier	24	0.0152927336892588	0.0	1.0	0.9814814814814816	0.9643423137876388
483	Fairlearn	equalized_odds	VotingClassifier	24	0.0637199402200987	0.0	1.0	0.91005291005291	0.91283676703645
484	scikit-lego	DemographicParityClassifier	OneVsRestClassifier	24	0.0152927336892588	0.0	1.0	0.9814814814814816	0.9643423137876388
485	scikit-lego	EqualOpportunityClassifier	OneVsRestClassifier	24	0.0152927336892588	0.0	1.0	0.9814814814814816	0.9643423137876388
486	Proposal	nsga2	FairVotingClassifier	24	0.0152927336892588	0.0	1.0	0.9814814814814816	0.9643423137876388
487	ProposalWeighted	F1_nsga2	FairVotingClassifier	24	0.0152927336892588	0.0	1.0	0.9814814814814816	0.9643423137876388
488	ProposalWeighted	F2_nsga2	FairVotingClassifier	24	0.0152927336892588	0.0	1.0	0.9814814814814816	0.9643423137876388
489	ProposalWeighted	F3_nsga2	FairVotingClassifier	24	0.0152927336892588	0.0	1.0	0.9814814814814816	0.9643423137876388
490	ProposalWeighted	F4_nsga2	FairVotingClassifier	24	0.0152927336892588	0.0	1.0	0.9814814814814816	0.9643423137876388
491	ProposalWeighted	F5_nsga2	FairVotingClassifier	24	0.0152927336892588	0.0	1.0	0.9814814814814816	0.9643423137876388
492	Proposal	rnsga2	FairVotingClassifier	24	0.0152927336892588	0.0	1.0	0.9814814814814816	0.9643423137876388
493	ProposalWeighted	F1_rnsga2	FairVotingClassifier	24	0.0152927336892588	0.0	1.0	0.9814814814814816	0.9643423137876388
494	ProposalWeighted	F2_rnsga2	FairVotingClassifier	24	0.0152927336892588	0.0	1.0	0.9814814814814816	0.9643423137876388
495	ProposalWeighted	F3_rnsga2	FairVotingClassifier	24	0.0152927336892588	0.0	1.0	0.9814814814814816	0.9643423137876388
496	ProposalWeighted	F4_rnsga2	FairVotingClassifier	24	0.0152927336892588	0.0	1.0	0.9814814814814816	0.9643423137876388
497	ProposalWeighted	F5_rnsga2	FairVotingClassifier	24	0.0152927336892588	0.0	1.0	0.9814814814814816	0.9643423137876388
498	AIF360	AdversarialDebiasing	AdversarialDebiasing	24	0.0152927336892588	0.0	1.0	0.9814814814814816	0.9643423137876388
499	AIF360	PostProcessingMeta	PostProcessingMeta	24	0.0177674418604651	0.0161725067385444	0.9853777416734364	0.970458553791887	0.9643423137876388
500	Voting		VotingClassifier	25	0.0013216020754047	0.0	1.0	0.9778393351800554	0.9691358024691358
501	Fairlearn	false_positive_rate_parity	VotingClassifier	25	0.0454522165356347	0.0016638935108153	1.0	0.9556786703601108	0.9621378804547124
502	Fairlearn	true_positive_rate_parity	VotingClassifier	25	0.0013216020754047	0.0	1.0	0.9778393351800554	0.9691358024691358
503	Fairlearn	equalized_odds	VotingClassifier	25	0.0525028252343282	0.0	1.0	0.9030470914127424	0.900462962962963
504	scikit-lego	DemographicParityClassifier	OneVsRestClassifier	25	0.0013216020754047	0.0	1.0	0.9778393351800554	0.9691358024691358
505	scikit-lego	EqualOpportunityClassifier	OneVsRestClassifier	25	0.0013216020754047	0.0	1.0	0.9778393351800554	0.9691358024691358
506	Proposal	nsga2	FairVotingClassifier	25	0.0023956951201533	0.0	0.9976076555023924	0.979224376731302	0.9691358024691358
507	ProposalWeighted	F1_nsga2	FairVotingClassifier	25	0.0023956951201533	0.0	0.9976076555023924	0.979224376731302	0.9691358024691358
508	ProposalWeighted	F2_nsga2	FairVotingClassifier	25	0.0023956951201533	0.0	0.9976076555023924	0.979224376731302	0.9691358024691358
509	ProposalWeighted	F3_nsga2	FairVotingClassifier	25	0.0023956951201533	0.0	0.9976076555023924	0.979224376731302	0.9691358024691358
510	ProposalWeighted	F4_nsga2	FairVotingClassifier	25	0.0023956951201533	0.0	0.9976076555023924	0.979224376731302	0.9691358024691358
511	ProposalWeighted	F5_nsga2	FairVotingClassifier	25	0.0023956951201533	0.0	0.9976076555023924	0.979224376731302	0.9691358024691358
512	Proposal	rnsga2	FairVotingClassifier	25	0.0013216020754047	0.0	1.0	0.9778393351800554	0.9691358024691358
513	ProposalWeighted	F1_rnsga2	FairVotingClassifier	25	0.0013216020754047	0.0	1.0	0.9778393351800554	0.9691358024691358
514	ProposalWeighted	F2_rnsga2	FairVotingClassifier	25	0.0013216020754047	0.0	1.0	0.9778393351800554	0.9691358024691358
515	ProposalWeighted	F3_rnsga2	FairVotingClassifier	25	0.0013216020754047	0.0	1.0	0.9778393351800554	0.9691358024691358
516	ProposalWeighted	F4_rnsga2	FairVotingClassifier	25	0.0013216020754047	0.0	1.0	0.9778393351800554	0.9691358024691358
517	ProposalWeighted	F5_rnsga2	FairVotingClassifier	25	0.0013216020754047	0.0	1.0	0.9778393351800554	0.9691358024691358
518	AIF360	AdversarialDebiasing	AdversarialDebiasing	25	0.0013216020754047	0.0	1.0	0.9778393351800554	0.9691358024691358
519	AIF360	PostProcessingMeta	PostProcessingMeta	25	0.0031211457625412	0.0198863636363636	0.9808612440191388	0.963071402690604	0.9691358024691358
520	Voting		VotingClassifier	26	0.0055704099821746	0.0	1.0	0.976315789473684	0.9697933227344993
521	Fairlearn	false_positive_rate_parity	VotingClassifier	26	0.0313834508398506	0.0017094017094017	1.0	0.9618421052631578	0.9633800383825352
522	Fairlearn	true_positive_rate_parity	VotingClassifier	26	0.0055704099821746	0.0	1.0	0.976315789473684	0.9697933227344993
523	Fairlearn	equalized_odds	VotingClassifier	26	0.0953879453879454	0.0	1.0	0.8276315789473684	0.8481717011128775
524	scikit-lego	DemographicParityClassifier	OneVsRestClassifier	26	0.0055704099821746	0.0	1.0	0.976315789473684	0.9697933227344993
525	scikit-lego	EqualOpportunityClassifier	OneVsRestClassifier	26	0.0055704099821746	0.0	1.0	0.976315789473684	0.9697933227344993
526	Proposal	nsga2	FairVotingClassifier	26	0.0058146036005814	0.0027548209366391	0.9991789819376026	0.9743472855366764	0.9697933227344993
527	ProposalWeighted	F1_nsga2	FairVotingClassifier	26	0.0058146036005814	0.0027548209366391	0.9991789819376026	0.9743472855366764	0.9697933227344993
528	ProposalWeighted	F2_nsga2	FairVotingClassifier	26	0.0058146036005814	0.0027548209366391	0.9991789819376026	0.9743472855366764	0.9697933227344993
529	ProposalWeighted	F3_nsga2	FairVotingClassifier	26	0.0058146036005814	0.0027548209366391	0.9991789819376026	0.9743472855366764	0.9697933227344993
530	ProposalWeighted	F4_nsga2	FairVotingClassifier	26	0.0058146036005814	0.0027548209366391	0.9991789819376026	0.9743472855366764	0.9697933227344993
531	ProposalWeighted	F5_nsga2	FairVotingClassifier	26	0.0058146036005814	0.0027548209366391	0.9991789819376026	0.9743472855366764	0.9697933227344993
532	Proposal	rnsga2	FairVotingClassifier	26	0.0055704099821746	0.0	1.0	0.976315789473684	0.9697933227344993
533	ProposalWeighted	F1_rnsga2	FairVotingClassifier	26	0.0055704099821746	0.0	1.0	0.976315789473684	0.9697933227344993
534	ProposalWeighted	F2_rnsga2	FairVotingClassifier	26	0.0055704099821746	0.0	1.0	0.976315789473684	0.9697933227344993
535	ProposalWeighted	F3_rnsga2	FairVotingClassifier	26	0.0055704099821746	0.0	1.0	0.976315789473684	0.9697933227344993
536	ProposalWeighted	F4_rnsga2	FairVotingClassifier	26	0.0055704099821746	0.0	1.0	0.976315789473684	0.9697933227344993
537	ProposalWeighted	F5_rnsga2	FairVotingClassifier	26	0.0055704099821746	0.0	1.0	0.976315789473684	0.9697933227344993
538	AIF360	AdversarialDebiasing	AdversarialDebiasing	26	0.0055704099821746	0.0	1.0	0.976315789473684	0.9697933227344993
539	AIF360	PostProcessingMeta	PostProcessingMeta	26	0.0058001893939393	0.0396825396825396	0.971264367816092	0.9481040198922503	0.9697933227344993
540	Voting		VotingClassifier	27	0.0167232277526395	0.0	1.0	0.9834605597964376	0.9618506493506492
541	Fairlearn	false_positive_rate_parity	VotingClassifier	27	0.0182048192771084	0.0017605633802817	1.0	0.970737913486005	0.9594155844155844
542	Fairlearn	true_positive_rate_parity	VotingClassifier	27	0.0167232277526395	0.0	1.0	0.9834605597964376	0.9618506493506492
543	Fairlearn	equalized_odds	VotingClassifier	27	0.0881575519999317	0.0	1.0	0.8931297709923663	0.8887987012987013
544	scikit-lego	DemographicParityClassifier	OneVsRestClassifier	27	0.0167232277526395	0.0	1.0	0.9834605597964376	0.9618506493506492
545	scikit-lego	EqualOpportunityClassifier	OneVsRestClassifier	27	0.0167232277526395	0.0	1.0	0.9834605597964376	0.9618506493506492
546	Proposal	nsga2	FairVotingClassifier	27	0.0164965889799756	0.0026246719160104	0.997564935064935	0.9812579166246316	0.9618506493506492
547	ProposalWeighted	F1_nsga2	FairVotingClassifier	27	0.0164965889799756	0.0026246719160104	0.997564935064935	0.9812579166246316	0.9618506493506492
548	ProposalWeighted	F2_nsga2	FairVotingClassifier	27	0.0164965889799756	0.0026246719160104	0.997564935064935	0.9812579166246316	0.9618506493506492
549	ProposalWeighted	F3_nsga2	FairVotingClassifier	27	0.0164965889799756	0.0026246719160104	0.997564935064935	0.9812579166246316	0.9618506493506492
550	ProposalWeighted	F4_nsga2	FairVotingClassifier	27	0.0164965889799756	0.0026246719160104	0.997564935064935	0.9812579166246316	0.9618506493506492
551	ProposalWeighted	F5_nsga2	FairVotingClassifier	27	0.0164965889799756	0.0026246719160104	0.997564935064935	0.9812579166246316	0.9618506493506492
552	Proposal	rnsga2	FairVotingClassifier	27	0.0164965889799756	0.0026246719160104	0.997564935064935	0.9812579166246316	0.9618506493506492
553	ProposalWeighted	F1_rnsga2	FairVotingClassifier	27	0.0164965889799756	0.0026246719160104	0.997564935064935	0.9812579166246316	0.9618506493506492
554	ProposalWeighted	F2_rnsga2	FairVotingClassifier	27	0.0164965889799756	0.0026246719160104	0.997564935064935	0.9812579166246316	0.9618506493506492
555	ProposalWeighted	F3_rnsga2	FairVotingClassifier	27	0.0164965889799756	0.0026246719160104	0.997564935064935	0.9812579166246316	0.9618506493506492
556	ProposalWeighted	F4_rnsga2	FairVotingClassifier	27	0.0164965889799756	0.0026246719160104	0.997564935064935	0.9812579166246316	0.9618506493506492
557	ProposalWeighted	F5_rnsga2	FairVotingClassifier	27	0.0164965889799756	0.0026246719160104	0.997564935064935	0.9812579166246316	0.9618506493506492
558	AIF360	AdversarialDebiasing	AdversarialDebiasing	27	0.0167232277526395	0.0	1.0	0.9834605597964376	0.9618506493506492
559	AIF360	PostProcessingMeta	PostProcessingMeta	27	0.016830312185297	0.0017543859649122	0.9991883116883116	0.9834605597964376	0.961038961038961
560	Voting		VotingClassifier	28	0.0013209700793864	0.0	1.0	0.9817232375979112	0.9696485623003196
561	Fairlearn	false_positive_rate_parity	VotingClassifier	28	0.0377510040160642	0.0068259385665528	1.0	0.9660574412532636	0.961630423580336
562	Fairlearn	true_positive_rate_parity	VotingClassifier	28	0.0057849819577295	0.0	1.0	0.9817232375979112	0.9656549520766772
563	Fairlearn	equalized_odds	VotingClassifier	28		0.1296054966652363	1.0	0.5	0.5
564	scikit-lego	DemographicParityClassifier	OneVsRestClassifier	28	0.0013209700793864	0.0	1.0	0.9817232375979112	0.9696485623003196
565	scikit-lego	EqualOpportunityClassifier	OneVsRestClassifier	28	0.0013209700793864	0.0	1.0	0.9817232375979112	0.9696485623003196
566	Proposal	nsga2	FairVotingClassifier	28	0.0013209700793864	0.0	0.9983948635634028	0.9817232375979112	0.9696485623003196
567	ProposalWeighted	F1_nsga2	FairVotingClassifier	28	0.0013209700793864	0.0	0.9983948635634028	0.9817232375979112	0.9696485623003196
568	ProposalWeighted	F2_nsga2	FairVotingClassifier	28	0.0013209700793864	0.0	0.9983948635634028	0.9817232375979112	0.9696485623003196
569	ProposalWeighted	F3_nsga2	FairVotingClassifier	28	0.0013209700793864	0.0	0.9983948635634028	0.9817232375979112	0.9696485623003196
570	ProposalWeighted	F4_nsga2	FairVotingClassifier	28	0.0013209700793864	0.0	0.9983948635634028	0.9817232375979112	0.9696485623003196
571	ProposalWeighted	F5_nsga2	FairVotingClassifier	28	0.0013209700793864	0.0	0.9983948635634028	0.9817232375979112	0.9696485623003196
572	Proposal	rnsga2	FairVotingClassifier	28	0.0013209700793864	0.0	1.0	0.9817232375979112	0.9696485623003196
573	ProposalWeighted	F1_rnsga2	FairVotingClassifier	28	0.0013209700793864	0.0	1.0	0.9817232375979112	0.9696485623003196
574	ProposalWeighted	F2_rnsga2	FairVotingClassifier	28	0.0013209700793864	0.0	1.0	0.9817232375979112	0.9696485623003196
575	ProposalWeighted	F3_rnsga2	FairVotingClassifier	28	0.0013209700793864	0.0	1.0	0.9817232375979112	0.9696485623003196
576	ProposalWeighted	F4_rnsga2	FairVotingClassifier	28	0.0013209700793864	0.0	1.0	0.9817232375979112	0.9696485623003196
577	ProposalWeighted	F5_rnsga2	FairVotingClassifier	28	0.0013209700793864	0.0	1.0	0.9817232375979112	0.9696485623003196
578	AIF360	AdversarialDebiasing	AdversarialDebiasing	28	0.0013209700793864	0.0	1.0	0.9817232375979112	0.9696485623003196
579	AIF360	PostProcessingMeta	PostProcessingMeta	28	0.0015712740198856	0.0027027027027026	0.9975922953451044	0.9794810851315436	0.9696485623003196
580	Voting		VotingClassifier	29	0.0099301652188724	0.0	1.0	0.9773936170212766	0.9660347551342812
581	Fairlearn	false_positive_rate_parity	VotingClassifier	29	0.002967422398702	0.0	1.0	0.9627659574468084	0.9541864139020536
582	Fairlearn	true_positive_rate_parity	VotingClassifier	29	0.0099301652188724	0.0	1.0	0.9773936170212766	0.9660347551342812
583	Fairlearn	equalized_odds	VotingClassifier	29	0.0662793303242741	0.0	1.0	0.8829787234042553	0.8996840442338072
584	Proposal	nsga2	FairVotingClassifier	29	0.0095086166477981	0.005540166204986	0.9983443708609272	0.9736622737376944	0.9660347551342812
585	ProposalWeighted	F1_nsga2	FairVotingClassifier	29	0.0095086166477981	0.005540166204986	0.9983443708609272	0.9736622737376944	0.9660347551342812
586	ProposalWeighted	F2_nsga2	FairVotingClassifier	29	0.0095086166477981	0.005540166204986	0.9983443708609272	0.9736622737376944	0.9660347551342812
587	ProposalWeighted	F3_nsga2	FairVotingClassifier	29	0.0095086166477981	0.005540166204986	0.9983443708609272	0.9736622737376944	0.9660347551342812
588	ProposalWeighted	F4_nsga2	FairVotingClassifier	29	0.0095086166477981	0.005540166204986	0.9983443708609272	0.9736622737376944	0.9660347551342812
589	ProposalWeighted	F5_nsga2	FairVotingClassifier	29	0.0095086166477981	0.005540166204986	0.9983443708609272	0.9736622737376944	0.9660347551342812
590	Proposal	rnsga2	FairVotingClassifier	29	0.0097201330963125	0.0027777777777777	0.9991721854304636	0.9755279453794856	0.9660347551342812
591	ProposalWeighted	F1_rnsga2	FairVotingClassifier	29	0.0097201330963125	0.0027777777777777	0.9991721854304636	0.9755279453794856	0.9660347551342812
592	ProposalWeighted	F2_rnsga2	FairVotingClassifier	29	0.0097201330963125	0.0027777777777777	0.9991721854304636	0.9755279453794856	0.9660347551342812
593	ProposalWeighted	F3_rnsga2	FairVotingClassifier	29	0.0097201330963125	0.0027777777777777	0.9991721854304636	0.9755279453794856	0.9660347551342812
594	ProposalWeighted	F4_rnsga2	FairVotingClassifier	29	0.0097201330963125	0.0027777777777777	0.9991721854304636	0.9755279453794856	0.9660347551342812
595	ProposalWeighted	F5_rnsga2	FairVotingClassifier	29	0.0097201330963125	0.0027777777777777	0.9991721854304636	0.9755279453794856	0.9660347551342812
596	AIF360	AdversarialDebiasing	AdversarialDebiasing	29	0.0099301652188724	0.0	1.0	0.9773936170212766	0.9660347551342812
597	AIF360	PostProcessingMeta	PostProcessingMeta	29	0.0084282088891993	0.0191256830601093	0.9735099337748344	0.9643339155287391	0.9660347551342812
